tidak_baku,bentuk_baku
/rãªpal/,berepal
abadiat,abadiah
abdul,abdu
abimana,abaimana
abjat,abjad
ablur,hablur
abrap,abrab
abrop,abrab
absorbsi,absorpsi
acan,acah
aci,acik
ada kalanya,adakalanya
adan,azan
adek,adik
adenda,adendum
adenin,adenina
adesi,adhesi
adhan,azan
adikanda,adinda
aditorium,auditorium
adjektif,adjektiva
administratur,administrator
adpertensi,advertensi
adpis,advis
adpokat,alpukat
adstringen,astringen
advokat,alpukat
adzab,azab
adzan,azan
aestetika,estetika
aetiologi,etiologi
afdol,afdal
afektifitas,afektivitas
afesis,aferesis
afuah,afwah
agamani,agamawi
agel,agal
aglonema,aglaonema
agresifitas,agresivitas
agribisnis,agrobisnis
agung,gung
aherat,akhirat
ahir,akhir
ahirat,akhirat
ahlak,akhlak
ahlilkitab,ahlulkitab
aih,ai
ajab,azab
ajeg,ajek
ajektif,adjektiva
ajektiva,adjektiva
ajimat,azimat
ajre,arja
ajufan,adjuvan
ajung,jung
ajuster,adjuster
akad,ahad
akas kaya,kaskaya
akekah,akikah
akherat,akhirat
akhirul kalam,akhirulkalam
akhlaq,akhlak
akhlas,ikhlas
akhli,ahli
akhwan,ikhwan
aklimasi,aklimatisasi
akor,akur
aksesoris,aksesori
akte,akta
aktifitas,aktivitas
aktip,aktif
aktuil,aktual
akupuntur,akupunktur
algoritme,algoritma
alip,alif
aliyah,aliah
allahumma,allahuma
almari,lemari
alpokat,alpukat
alu,elu
alumunium,aluminium
ama,hama
amandemen,amendemen
ambalela,balela
ambarau,embarau
ambat,hambat
ambeg,ambek
amberal,admiral
ambeyen,ambeien
ambin,amben
ambo,hamba
ambril,amril
ambulan,ambulans
ami,umi
amien,amin
amirulbahri,amirulbahar
ammabakdu,amabakdu
ammi,ami
amoniak,amonia
ampelam,mempelam
amperometer,amperemeter
ampibi,amfibi
amplas,ampelas
ampu,empu
ampung,apung
amputir,amputasi
amuba,ameba
analisa,analisis
anamel,enamel
anastesi,anestesi
ancing,hancing
ancur,hancur
andai,handai
anderik,anderak
andikara,adikara
anduk,handuk
anestesi,anestesia
anggorokasih,anggarakasih
anggu,peranggu
angkar,angker
angkus,angkusa
angpao,angpau
angsang,insang
angus,hangus
anjangsono,anjangsana
anoda,anode
ansambel,ensambel
ansor,ansar
ansori,ansari
antalas,antelas
antartika,antarktika
antene,antena
antep,antap
antimon,antimonium
antoi,antui
antri,antre
anugrah,anugerah
anyak,enyak
anyak-anyik,onyak-anyik
anyik,onyak-anyik
aparteid,apartheid
apek,apak
apem,apam
apiun,opium
apkir,afkir
aplus,aplaus
aporisma,aforisme
apotik,apotek
apus,hapus
aqidah,akidah
arbitrasi,arbitrase
arerut,ararut
aria,arya
aring,urang-aring
aritmatika,aritmetika
arowana,arwana
artifak,artefak
artik,arktika
artisyok,articok
arum,harum
arun,harum
asabiyah,asabiah
asem,asam
ashar,asar
asik,asyik
asinkronus,asinkron
assalamualaikum,asalamualaikum
astana,istana
astronot,astronaut
asyar,asar
atheis,ateis
ati,hati
atlit,atlet
atmosfir,atmosfer
atsiri,asiri
auto,oto
autologi,otologi
automatis,otomatis
autoskop,otoskop
autotropik,autotrofik
avertebrata,invertebrata
ayanda,ayahanda
ayid,ayit
ayuk,ayut
azali,asali
azamat,azmat
azas,asas
azemat,azmat
babah,baba
babar,bebar
babtis,baptis
bacak,bacek
bada,bakda
bafta,baftah
bahagi,bagi
baham,geraham
bahu membahu,bahu-membahu
baitulmukadas,baitulmaqdis
baitulmukadis,baitulmaqdis
bakhsis,baksis
bakpau,bakpao
bakterisid,bakterisida
balang,belang
bale-bale,balai-balai
baligh,balig
balit,belit
balsem,balsam
bamper,bumper
bancah,bencah
bandang,bandeng
bandha,banda
bandring,bandering
bandrol,banderol
bangker,bunker
banglo,bungalo
banian,benian
banker,bunker
banrol,banderol
bansai,banzai
banteras,berantas
bantet,bantat
banu,bani
bapao,bakpao
baqa,baka
baragajul,bergajul
barang kali,barangkali
barangan,berangan
baras,abras
barbekyu,barbeku
barbir,barber
barep,barap
bargas,barkas
bari,bahari
baris berbaris,baris-berbaris
barkas,berkas
baronsai,barongsai
barza,barzakh
barzah,barzakh
basa,bahasa
basekat,baskat
baskat,beskap
baso,bakso
basoka,bazoka
batau,baktau
batela,batel
batere,baterai
baterei,baterai
bathil,batil
bathin,batin
batil,batel
batila,batel
baud,baut
baya,bahaya
bayat,baiat
bayem,bayam
bazaar,bazar
bea siswa,beasiswa
bebeksan,beksan
becolok,bicokok
bedar,bidar
bedong,bedung
begadang,bergadang
begandring,begandering
begar,bega
begasi,bagasi
begimana,bagaimana
behena,bena
behina,bena
bekasam,pekasam
bekukung,bekuku
bela sungkawa,belasungkawa
belakin,belangkin
belangko,blangko
belata,pelata
beldu,beludru
beled,beleid
belederu,beludru
belender,blender
belis,iblis
belolok,beluluk
beluk,seluk
belur,balur
bembet,bimbit
bemper,bumper
bendar,bandar
bendara,bendahara
bendari,bendahari
bendel,bundel
bendela,bandela
bengik,bengek
bengkap,benkap
bengkoang,bengkuang
bengkol,pengkol
bensol,benzol
bentes,benteh
bentik,betik
bentil,pentil
bentoh,bantah
berangsong,berongsong
bercermin,becermin
berenga,bernga
bererot,rerot
berfikir,berpikir
bergedel,perkedel
berhana,seberhana
beringisan,peringis
berokat,brokat
beronsang,berongsang
berterbangan,beterbangan
berzanji,barzanji
besemah,basemah
beskat,beskap
bestik,bistik
betara,batara
betari,batari
beti-beti,biti
bhineka,bineka
bia,bea
bidaah,bidah
bidari,bidadari
biduri,baiduri
bienale,bienial
bihalal,halalbihalal
bihari,bahari
bihausy,bius
bika,bikang
bilyar,biliar
bilyun,biliun
bima sakti,bimasakti
binari,biner
binatu,penatu
bincacau,bincacak
biomolekular,biomolekuler
biosekuritas,biosekuriti
birahi,berahi
bis,bus
bisan,besan
bisbol,bisbul
bisep,biseps
biskal,beskal
blangkon,belangkon
blanko,blangko
blepot,lepot
bloon,beloon
bodo,bodoh
bohok,buhuk
bolos,bulus
bolpen,bolpoin
bolsak,bulsak
bomantara,bumantara
bomor,bomoh
bonafid,bonafide
bongkak,congkak
bongkas,bungkas
bongkok,bungkuk
bongkol,bungkul
bongsai,bonsai
bonjol,bonggol
bonyor,bonyok
borak,burak
borhan,burhan
bostan,bustan
bota,buta
brambang,berambang
brandal,berandal
brangas,berangas
brangkas,brankas
brangus,berangus
bredel,beredel
breksi,breksia
brengsek,berengsek
brewok,berewok
bromocorah,bramacorah
brongkos,berongkos
brunai,berunai
budha,buddha
buhur,buhul
bujanggi,bujangga
bujur,mujur
bungkah,bongkah
bupet,bufet
buraksa,beraksa
burjusunbulat,sunbulat
burka,burkak
burun,buron
busar,busur
byarpet,biarpet
cacengklok,cecengklok
cadir,cadar
cakep,cakap
cakmar,cokmar
calempong,celempong
caling,colang-caling
calus,celus
cam,kecam
candan,kecandan
cangga,cenangga
cangkau,cengkau
cangkolan,cangkul
cangku,cengkau
cangkuk,cangkok
capcay,capcai
capiau,cepiau
caram,acaram
carat,carak
casis,sasis
catet,catat
cauk,caung
caya,cahaya
cebar-cebur,cebur
cecer,cecar
cecok,cekcok
cedal,cadel
cedera,cendera
cedong,cedok
cegas,cergas
cekalang,cakalang
cekap,cekak
cekek,cekik
cekeram,cengkeram
cekiber,cekibar
cekup,cekut
celaga,jelaga
celepa,selepa
celepak,celapak
celok,celuk
celos,celus
celum-celam,celam-celum
celupar,celopar
cembeng,cengbeng
cemek,cemeh
cemilan,camilan
cempana,jempana
cempelung,cemplung
cempeng,cempek
cempoa,swipoa
cempuling,tempuling
cencurut,celurut
cendera,candra
cendikia,cendekia
cendikiawan,cendekiawan
cendrawasih,cenderawasih
cenggek,tenggek
cengkau,cekau
cengkeling,sengkeling
cengkerma,cengkerama
cengkolong,cengkelong
cengkram,cengkeram
cengkrama,cengkerama
cengkuk,cengkok
centadu,sentadu
centigram,sentigram
centil,sentil
centimeter,sentimeter
cepal,cepol
cepit,jepit
ceracah,cerancang
cercak,ceracap
ceret,cerek
ceri,ceria
ceriga,curiga
ceritera,cerita
cerkas,cergas
ceronggak,ceranggah
cerotok,ceratuk
ces,cus
cetera,cerita
chlor,klorin
ci,taci
ciau,ciu
cicah,cecah
cicak,cecak
cici,cicit
cicih,cecah
cicir,cecer
cidera,cedera
cikalang,cakalang
cilap,cilok
cim,encim
cimpung,kecimpung
cingah,cingangah
cingbing,cengbeng
cingcau,cincau
cingcing,cincong
cingkau,cengkau
cinteng,centeng
ciok,ciak
ciplak,jiplak
cipoa,swipoa
citak,cetak
clurit,celurit
cocakrawa,cucakrawa
codang,codak
cokar,jogar
coklat,cokelat
colet,colek
congkelang,congklang
contek,sontek
cop,kecup
copar,cupar
copol,cupul
corek,curik
cotet,conet
cu,ciu
cukam,cekam
cukir,cungkil
culi,coli
cumbul,cembul
cunda,cucunda
cungak,cungap
cunguk,cecunguk
cunting,conteng
cup,kecup
cupit,sumpit
da'wah,dakwah
dabus,debus
dacing,dacin
dajjal,dajal
dakar,zakar
dakwat,dawat
daluwarsa,kedaluwarsa
dambun,dambin
dammah,damah
damping,dumping
dangak,dongak
daptar,daftar
dari pada,daripada
darus,daras
dastar,destar
dat,zat
daulah,daulat
debet,debit
debetor,debitor
debitor,debitur
decah,decap
decus,desus
defenisi,definisi
defiasi,deviasi
dehem,deham
dekrit,dekret
delemak,delamak
deluang,jeluang
delujur,jelujur
delut,jelut
demit,dedemit
dempuk,dempok
denawa,danawa
dendang,dandang
dengkut,dengkur
densanak,dansanak
deodorant,deodoran
deraka,durhaka
deras,daras
derek,derik
deret,dandang
derham,dirham
deria,indra
deriji,deruji
deruji,jeruji
derun,derum
derung,derum
desinfeksi,disinfeksi
desinfektan,disinfektan
desorientasi,disorientasi
destilasi,distilasi
deterjen,detergen
detia,daitia
detil,detail
deviden,dividen
dhalim,zalim
dharma,darma
diagnosa,diagnosis
diagnose,diagnosis
diah,diat
dietik,dietetik
digen,degen
dikir,zikir
dioda,diode
dipati,adipati
disain,desain
disenfektan,disinfektan
diskotik,diskotek
diskripsi,deskripsi
diskrit,diskret
ditel,detail
ditergen,detergen
diterjen,detergen
diwala,dewala
dogeng,dogel
dolat,daulat
dolim,zalim
dolpin,dolfin
domein,domain
donatir,donatur
donator,donatur
dos,dus
dosin,lusin
doyo,dojo
dramatisir,dramatisasi
drem,drum
dria,indra
duhur,zuhur
duka cita,dukacita
dulu,dahulu
dunsanak,dansanak
duren,durian
duriat,zuriah
durna,durno
duwegan,degan
dzalim,zalim
dzat,zat
dzikir,zikir
dzuhur,zuhur
edap,dap
efedrin,efedrina
efektifitas,efektivitas
egalitarisme,egalitarianisme
eklektis,eklektik
ekopraksia,ekofraksia
eksebisi,ekshibisi
eksibisi,ekshibisi
eksim,eksem
eksklusifitas,eksklusivitas
ekslusifitas,eksklusivitas
eksoftalmia,eksoftalmos
eksoftalmus,eksoftalmos
ekspeditur,ekspeditor
eksploitir,eksploitasi
eksport,ekspor
eksportir,pengekspor
ekstrim,ekstrem
ektraversi,ekstraversi
ekuiti,ekuitas
ekwivalen,ekuivalen
ela,elo
elat,helat
elektroda,elektrode
eliminir,eliminasi
elip,elips
elit,elite
eluk,luk
elung,lung
emak,mak
embang,ambang
embek,ebek
emis,kemis
empelas,ampelas
emrat,embrat
endam,andam
endoderm,endoderma
endosemen,endorsemen
ensiklopedi,ensiklopedia
ente,anta
episod,episode
epistola,epistel
ering,hering
erotik,erotis
esay,esai
esen,esens
essay,esai
essen,esens
eteris,asiri
ethanol,etanol
etikat,iktikad
expor,ekspor
faham,paham
faidah,faedah
faksimil,faksimile
faksimili,faksimile
faksin,vaksin
faksinasi,vaksinasi
fakum,vakum
falid,valid
familia,famili
familiar,familier
famplet,pamflet
faqih,fakih
faqir,fakir
faraj,farji
fatsoen,fatsun
faximile,faksimile
feminim,feminin
fenilalanin,fenilalanina
ferri,feri
fery,feri
fidyah,fidiah
fikir,pikir
filem,film
filosof,filsuf
fitokemikal,fitokimia
fluor,fosfor
fobi,fobia
fon,fohn
fondamen,fundamen
fonta,fon
fora,forum
form,formulir
formatir,formatur
formil,formal
foto kopi,fotokopi
fotosintesa,fotosintesis
fraksinasi,fraksionasi
frase,frasa
frekwensi,frekuensi
frustasi,frustrasi
fulan,polan
fuyonghai,puyunghai
gabihat,kabihat
gadah,kadah
gado,gaduh
galaktose,galaktosa
galeng,galang
gamma,gama
gana,ganar
ganden,gandin
gandi,gandin
gandola,gendola
gangsal,gasal
gangsang,gasang
gangsing,gasing
ganih,genis
gara,gahara
gasetir,gazeter
gasir,gangsir
gaswah,kaswah
gayuh,kayuh
gecer,gecar
gedabak,gedebuk
gedabir,gelambir
gedang,gadang
gedembai,kelambai
gelabah,gelebah
geladah,geledah
geladi,gladi
gelagak,gelegak
gelana,gulana
gelantang,kelantang
gelapur,gelepur
gelasar,gelangsar
gelasir,glasir
gelatak,geletak
gelatang,gelantang
gelembai,kelambai
gelempang,gelimpang
gelentar,geletar
gelepok,gelepot
geler,gilir
gelesek,geleser
geletek,gelitik
gelindung,gelendong
gelipang,gelimpang
gelis,geulis
geliting,gelitik
geliut,geliang
gelojak,gejolak
gelokak,gelopak
gelomang,gelimang
gelongsong,kelongsong
gelorat,darurat
gelosor,gelongsor
gelumang,gelimang
gelumat,gelemat
gemala,kemala
gemang,gamang
gembung,kembung
gementar,gemetar
gemercing,gemerencing
gemericik,gemercik
gemit,gamit
gempal,gumpal
gencer,gencar
gencir,gelincir
gendaga,kendaga
gendala,kendala
gendit,kendit
geneologi,genealogi
genih,genis
genteng,genting
gentik,getik
gep,gap
geprek,keprek
gerabak,gerabang
geracak,gerecak
geradah,geledah
geragot,gerogot
gerameh,gurami
gerami,gurami
gerangsang,berangsang
gerapyak,grapyak
gerdam,gerdum
gerebak,gerebek
gerebek,garebek
gerenek,gerenik
gerentam,gerentang
gerenyam,geranyam
gerenyut,gerenyot
gergajul,bergajul
gerih,gereh
geringsing,gerising
gerinyut,gerenyot
gerip,gerit
gerita,gurita
geroda,garuda
gerong,gerung
geronggong,geronggang
geronium,geranium
gerontang,gerantang
geropes,gerupis
gersak,kersak
gersik,kersik
gertap,gerlap
gertuk,kertuk
gerubuk,gerobok
gerugul,gerogol
gerumit,gerupis
gesau,desau
getir,getil
gewang,giwang
geyser,geiser
ghaib,gaib
ghoib,gaib
gibas,kibas
gigir,gigil
gimana,bagaimana
ginggang,genggang
gingsi,gengsi
gini,begini
girah,gairah
gisi,gizi
gitu,begitu
glamour,glamor
glikosid,glikosida
gliserin,gliserol
glisin,glisina
glodok,gelodok
glondong,gelondong
glondongan,gelondongan
glosari,glosarium
glukoma,glaukoma
glukosamin,glukosamina
goa,gua
gobah,gubah
gogo,gaga
golpi,golbi
gombrong,gombroh
goncang,guncang
gonio,goniometri
gono-gini,gana-gini
gonrong,gondrong
gonyak,gonjak
goroh,gorok
grafitasi,gravitasi
graha,gerha
grebek,gerebek
gregat,gereget
greget,gereget
gregetan,geregetan
greha,gerha
grendel,gerendel
guanin,guanina
gubang,gobang
gubar,gobar
gudam,godam
gulambai,kelambai
gurem,guram
hadam,khadam
hadang,adang
hakekat,hakikat
halofita,halofit
handal,andal
handam,andam
hangar,hanggar
hanyasanya,hanya
hapal,hafal
harafiah,harfiah
hasduk,halsduk
hauri,haur
heban,hebat
hektar,hektare
helah,helat
helmet,helm
hembus,embus
hendam,andam
hentak,entak
herbivora,herbivor
hermetik,hermetis
hibrid,hibrida
hidayat,hidayah
hidraulik,hidraulis
hidrolika,hidraulika
hikam,hikmah
hilap,khilaf
himbau,imbau
himbauan,imbauan
himpit,impit
hingar,ingar
hipnosa,hipnosis
hipnose,hipnosis
hipotesa,hipotesis
hipotik,hipotek
hirarki,hierarki
hisap,isap
hodah,haudah
hol,haul
holtikultura,hortikultura
horak,orak
hordeng,gorden
horisontal,horizontal
hortikultur,hortikultura
hubar,uber
hujah,hujat
hukah,hokah
hulur,ulur
humbalang,hembalang
hunjin,hujin
hunjuk,unjuk
hunkwe,hunkue
husnudzon,husnuzan
husuk,khusuk
hutang,utang
hymne,himne
ibah,hibah
ibuk,hibuk
idiil,ideal
idiologi,ideologi
idul fitri,idulfitri
idulkurban,iduladha
idzin,izin
ihlas,ikhlas
ihtiar,ikhtiar
ijabat,ijabah
ijasah,ijazah
ijin,izin
ijo,hijau
ijtima,ijtimak
ikan paus,paus
ikhwal,ihwal
iklas,ikhlas
ilir,hilir
ilmuan,ilmuwan
imang,timang
imateriil,imateriel
import,impor
inagurasi,inaugurasi
incer,incar
indak,tidak
indera,indra
inderaja,indraja
indie,indi
indria,indra
infantri,infanteri
influensa,influenza
inggeris,inggris
inkulturasi,enkulturasi
instalatir,instalatur
insya allah,insyaallah
insyaf,insaf
intelegensi,inteligensi
intelejensi,inteligensi
intelijensi,inteligensi
interen,intern
intermezo,intermeso
interpiu,interviu
interprestasi,interpretasi
interyeksi,interjeksi
intil,kintil
iodium,yodium
iqamat,ikamah
isha,isya
islamiyah,islamiah
isolir,isolasi
istaz,ustaz
istazah,ustazah
isteri,istri
istighfar,istigfar
istiqamah,istikamah
itam,hitam
itarad,iktirad
itaraf,iktiraf
itibar,iktibar
itidal,iktidal
itikad,iktikad
itikaf,iktikaf
jabel,jabal
jadual,jadwal
jagad,jagat
jahiliyah,jahiliah
jailangkung,jelangkung
jais,jaiz
jamaah,jemaah
jaman,zaman
jamhur,jumhur
jamiyah,jamiah
jamrud,zamrud
jangkih,jangki
jannah,janah
jantera,jentera
jap,jab
japuk,japu
jarang,jerang
jariat,jariah
jaru,jaharu
jasirah,jazirah
jazirat,jazirah
jebik,cebik
jejamang,jamang
jeket,jaket
jelantik,gelatik
jelatik,gelatik
jelentik,selentik
jelepak,jelepok
jemerlang,cemerlang
jempalik,jempalit
jenasah,jenazah
jenayah,jinayah
jender,gender
jendral,jenderal
jenela,jendela
jengat,jangat
jengget,jengket
jengkerik,jangkrik
jenius,genius
jenjeng,jinjing
jentur,jantur
jepet,jepit
jerafah,jerapah
jeragan,juragan
jerajak,jerjak
jeram,jaram
jerangkah,ceranggah
jerejak,jerjak
jeremang,jermang
jerembet,jerepet
jerepak,jerempak
jerigen,jeriken
jerobong,jerubung
jerongkes,jerungkis
jerpak,jerempak
jerumbung,jerubung
jerungkup,jerukup
jiarah,ziarah
jibilat,jibilah
jibrail,jibril
jidal,bidal
jidor,jidur
jijitsu,yuyitsu
jina,zina
jinayat,jinayah
jingkau,jangkau
jinten,jintan
jipsi,gipsi
jirat,jerat
joak,juak
joang,juang
joged,joget
jogi,yogi
jogjakarta,yogyakarta
jokong,jongkong
jomblo,jomlo
jongkah,jongkang
jongkang,jongkong
jubung,jerubung
jugi,yogi
juhur,zuhur
juja,jauza
jujat,jujah
jukung,jongkong
jum'at,jumat
jumanten,jumantan
jumawa,jemawa
jumrah,jamrah
jumroh,jamrah
jungkel,jungkal
jungkung,jongkong
jurah,jura
juran,joran
juri,jori
juriat,zuriah
jus,juz
juwita,juita
kabab,kebab
kabuli,kebuli
kaca mata,kacamata
kaco,kacau
kacoak,kecoak
kadal,kedal
kadaluarsa,kedaluwarsa
kadaluwarsa,kedaluwarsa
kadam,khadam
kademat,khidmat
kadha,qada
kaedah,kaidah
kafein,kafeina
kah,engkah
kahang,kohong
kahwin,kawin
kakar,kekar
kakatua,kakaktua
kalakatu,kelekatu
kalambak,kelembak
kaledioskop,kaleidoskop
kalembak,kelembak
kalendar,kalender
kalifah,khalifah
kalikasar,kalikausar
kalikausar,alkausar
kalipah,khalifah
kalkarim,kalkarium
kalkausar,alkausar
kalo,kalau
kaluk,keluk
kalulus,kelulus
kamat,ikamah
kamboja,kemboja
kambrat,kamerad
kameli,kambeli
kameramen,kamerawan
kamfer,kamper
kamir,khamir
kamis,gamis
kamkama,kurkuma
kampak,kapak
kampang,kapang
kampit,kampil
kana,katakana
kanaat,kanaah
kanah,kanaah
kanat,kanaah
kancana,kencana
kandar,gandar
kangguru,kanguru
kangker,kanker
kanjar,khanjar
kantil,kontal-kantil
kanun,qanun
kaos,kaus
kapan,kafan
kaparat,kafarat
kapela,kapel
kaper,karper
kapilah,kafilah
kapir,kafir
kapiten,kapten
kapling,kaveling
karaba,karamba
karak,kerak
karbid,karbida
karbit,karbida
karbonium,karbon
kardan,gardan
karesidenan,keresidenan
kari,qari
kariah,qariah
karir,karier
karkausar,alkausar
karnitin,karnitina
karnivora,karnivor
karnosin,karnosina
karosel,korsel
karoten,karotena
karotin,karotena
karpus,kerpus
kartonis,kartunis
karya wisata,karyawisata
karyat,karyah
kasab,kasap
kasah,kasa
kasak-kisik,kasak-kusuk
kasar,qasar
kasat mata,kasatmata
kasemek,kesemek
kasep,kasip
kasiat,khasiat
kasima,kesima
kastil,kastel
kasuma,kusuma
kasumat,kesumat
kasuwari,kasuari
kaswi,kasui
katagori,kategori
katalisa,katalisis
katalogus,katalog
katam,khatam
katan,khitan
katastrofi,katastrofe
kate,katai
katek,ketek
katholik,katolik
katib,khatib
katik,katai
katirah,ketirah
katlum,katelum
katulistiwa,khatulistiwa
kaula,kawula
kaung,kawung
kausar,alkausar
kavling,kaveling
kawatir,khawatir
kawul,kaul
kaya,kayak
kayal,khayal
kayambang,kiambang
kazanah,khazanah
kebambam,kebembem
kebin,kabin
kebit,kebat
kebo,kerbau
kebul,kepul
kecik,kecil
kecindan,kecandan
kecipung,kecimpung
kecoa,kecoak
kecuak,kecoak
kecundang,cundang
keda,kedah
kedaluarsa,kedaluwarsa
kedan,kejan
kedar,kadar
kedeki,kedekai
kedekik,kedekai
kedele,kedelai
kedemat,khidmat
kedengkung,kedengkang
kedewaga,kedewas
kedongdong,kedondong
kefakuman,kevakuman
kejibeling,kecibeling
kejolak,gejolak
kekah,akikah
kekaras,karas
kekeh,keukeuh
kekudung,kerudung
kelabet,kelabat
kelak,kelah
kelamai,gelamai
kelamarin,kemarin
kelandera,kelendara
kelang,kilang
kelebet,kelebek
kelemantang,kalimantang
kelemarin,kemarin
kelembai,kelambai
kelembubu,halimbubu
kelembung,gelembung
kelemumur,kelemur
kelemunting,kemunting
kelengking,kelengkeng
kelentang,kelantang
kelep,klep
keletar,geletar
keleti,keliti
keletik,geletik
kelicih,kelicik
kelicik,gelicik
kelidai,kenidai
kelikah,khalikah
kelikih,keliki
kelimantang,kalimantang
kelimis,klimis
kelincir,gelincir
kelisah,gelisah
keloceh,celoteh
kelubung,selubung
keluruk,keruyuk
keluwek,keluak
kemak-kemik,kemik
kemalai,gemulai
kemanakan,kemenakan
kemandang,kumandang
kemaren,kemarin
kemben,kemban
kemil,camil
kemilau,kilau
keminting,kemiri
kemong,kemung
kempas,kempis
kempes,kempis
kemucing,kemoceng
kemuncak,puncak
kemundir,kemendur
kenalpot,knalpot
kenampakan,ketampakan
kenantan,kinantan
kendak,gendak
kendor,kendur
kengkang,kangkang
kenor,kenur
kentong,kentung
kenung,kenong
kenyap,kenyam
kenyih,kenyi
kepai,kapai
kepak,kapai
kepang,kipang
keparat,kafarat
kepau,kepar
kepek,kempek
kepik,kepek
kepok,kepoh
kepudang,kepodang
kepuyuh,puyuh
keraeng,karaeng
kerangga,kerengga
kerangkang,kelangkang
keratau,kertau
kerbat,kebat
kerdip,kedip
kerdum,kerdam
kerdus,kardus
kerdut,kedut
kerekah,kerkah
kerekut,kerekot
keremi,kerawit
kerempagi,kerampagi
keremunting,kemunting
keremut,keremot
kerencing,kerenting
kerenggamunggu,kardamunggu
kerengkiang,rengkiang
kerenyau,kernyau
kerenyit,kernyit
kerenyut,kernyut
kerepai,kerpai
kerepak,kerpak
kerepas,kerpas
kerepek,keripik
kerepot,keriput
keresek,kerisik
keretot,kerekot
keretut,kerekot
keriat-keriut,keriang-keriut
kerimuk,kerumuk
keringsing,geringsing
kerinyut,kernyut
keritik,kritik
kerkap,kerkah
kerkeling,kerakeling
kermunting,kemunting
kerodong,kerudung
keroh,keruh
keronco,keroncor
keroncot,kerucut
kerongsong,kelongsong
keronsang,kerongsang
keropong,keropok
kerosang,kerongsang
kerosek,kerosak
kersip,kedip
kerubian,kerubin
keruit,kerawit
kesmaran,kasmaran
kesuma,kusuma
ketah,kutaha
ketapel,katapel
ketermampatan,keterpampatan
ketik,tik
ketimbung,kecimpung
ketimus,timus
keton,ketun
ketonggeng,ketungging
ketrampilan,keterampilan
ketrok,ketuk
ketual,katwal
keweni,kuweni
khabar,kabar
kharisma,karisma
khasanah,khazanah
khatan,khitan
khaul,haul
khojah,khoja
kholik,khalik
khudu,khuduk
khulak,khuluk
khusuk,khusyuk
khutbah,khotbah
ki,air
kibernetika,sibernetika
kibik,kubik
kicuh,kecoh
kidab,kizib
kidamat,khidmat
kidang,kijang
kifarat,kafarat
kijip,kejap
kiju,keju
kik,akik
kila,kilah
kimar,himar
kimpa,kimpal
kin,ken
kinang,ginang-ginang
kingka,kimkha
kingkip,kingking
kintal,kuintal
kintar,kitar
kinyam,kenyam
kiong,keong
kip,kep
kipal,kimpal
kipar,kepar
kiparat,kafarat
kiraah,qiraah
kiraat,qiraah
kirabat,kerabat
kiryah,karyah
kiryat,karyah
kismet,kismat
kiting,keteng
kiuk,keok
kiut,kicut
klab,klub
klabet,kelabat
klas,kelas
klen,klan
klengkeng,lengkeng
klenteng,kelenteng
klobot,kelobot
klon,klona
klor,klorin
kluwak,keluak
kobak,kubak
koboy,koboi
kohlea,koklea
koja,khoja
kojah,khoja
kokain,kokaina
kolah,kulah
kolang-kalik,kolang-kaling
kolbu,kalbu
kolektifitas,kolektivitas
kolembeng,kolomben
kolin,kolina
koliseng,ginseng
kolok,kuluk
kolomnis,kolumnis
koma,kurkuma
komariah,kamariah
komersil,komersial
komkoma,kurkuma
komoditi,komoditas
kompa,pompa
komplek,kompleks
kompleksifitas,kompleksitas
komplit,komplet
komulatif,kumulatif
konci,kunci
kondite,konduite
konduktifitas,konduktivitas
konektifitas,konektivitas
konfrontir,konfrontasi
konggres,kongres
kongkol,sekongkol
kongkow,kongko
kongkret,konkret
kongkrit,konkret
kongkurs,konkurs
konkrit,konkret
konperensi,konferensi
konsentrik,konsentris
konsinyering,konsinyasi
konsleting,korsleting
konsortium,konsorsium
konstan,konstanta
kontinyu,kontinu
koordinir,koordinasi
kopak,kopok
kopeling,kopling
koperatif,kooperatif
koperativisme,kooperativisme
kopor,koper
korden,gorden
kores,gores
korma,kurma
koropak,keropak
korsi,kursi
kortison,hidrokortison
korum,kuorum
kosa,kusa
kosa kata,kosakata
kosambi,kesambi
koset,keset
kotbah,khotbah
koterek,kotrek
kowak,kuak
koyo,koyok
krah,kerah
krakal,kerakal
krama,kromo
kramat,keramat
kran,keran
kratifitas,kreativitas
kraton,keraton
kreatifitas,kreativitas
kreatin,kreatina
kreatinin,kreatinina
krebo,kribo
kreditor,kreditur
krem,krim
krematori,krematorium
kremian,keremian
kreseh-peseh,kareseh-peseh
kretek,keretek
kretifitas,kreativitas
kriminil,kriminal
kriptozologi,kriptozoologi
kriterium,kriteria
kriwil,keriwil
krokot,kerokot
kroniometri,kraniometri
kropak,keropak
krucil,kerucil
krupuk,kerupuk
ksatria,kesatria
kua,koa
kuartir,kwartir
kuarza,kuarsa
kuatir,khawatir
kubung,pukang
kucandan,kecandan
kucindan,kecandan
kucung,kocong
kucup,kecup
kucut,kecut
kudi,kodi
kudil,kudis
kueni,kuweni
kuetiau,kwetiau
kuing,kaing
kuini,kuweni
kuisioner,kuesioner
kuja,khojah
kukang,kungkang
kukuk,kokok
kukul,kokol
kukut,kokot
kulambai,kelambai
kulari,kelari
kuldi,khuldi
kulikat,kelikat
kulintang,kolintang
kulio,kalio
kulkulah,kalkalah
kuma-kuma,kurkuma
kumala,kemala
kumango,kumanga
kumat,komat-kamit
kumayan,kemenyan
kumbara,kembara
kumel,kumal
kumkuma,kurkuma
kumlah,hukumullah
kumpal,gumpal
kuna,kuno
kuncit,kucir
kuningisasi,penguningan
kuotum,kuota
kup,kudeta
kupel,kopel
kupu,kufu
kuruyuk,kukuruyuk
kus,dekus
kusen,kosen
kusti,gusti
kusuk,khusuk
kutbah,khotbah
kutek,kuteks
kutika,ketika
kuwalat,kualat
kuyam,koyam
kwaci,kuaci
kwalitas,kualitas
kwantitas,kuantitas
kwartet,kuartet
kweni,kuweni
kwetansi,kuitansi
kwintal,kuintal
kwitansi,kuitansi
kwiz,kuis
kyai,kiai
labah-labah,laba-laba
labrang,laberang
lahat,lahad
lahip,daif
lailat,lailah
lailatulkadar,lailatulqadar
laip,daif
lajim,lazim
laka,lak
lakri,lakeri
laksmana,laksamana
lalalat,dalalat
lalang,langlang
lalim,zalim
laminah,lamina
lamosir,lamusir
lampoyangan,lempuyangan
lanca,lancia
lancit,lencit
lancung,lancong
landai,lendaian
lang,elang
langak-languk,langak-longok
langca,lancia
langcia,lancia
langkara,lengkara
langkitang,lengkitang
langsang,langseng
langsep,langsat
languh,lenguh
lanjang,telanjang
lansai,langsai
lansar,langsar
lansat,langsat
lansekap,lanskap
lansi,langsi
lansir,langsir
lantera,lentera
laoteng,loteng
lapad,lafaz
lapal,lafal
lapan,delapan
lapaz,lafal
lapo,lepau
lapur,lapor
larak,lerak
lasit,lesit
lasykar,laskar
latang,jelatang
lawe,lawai
lazat,lezat
lebay,lebai
leber,luber
lebur,debur
lecer,lecet
ledeng,leding
legah,lega
legalisir,legalisasi
legam,legum
legojo,algojo
legowo,legawa
legundi,lenggundi
lehar,rehal
lekah,rekah
lekar,rehal
lekemia,leukemia
lekosit,leukosit
lelabah,laba-laba
lelabi,labi-labi
lelak,rerak
lelangse,langsai
lelawa,kelelawar
leli,lili
lelung,lelang
lembab,lembap
lembam,lebam
lemban,lembam
lembega,rembega
lembik,lembek
lembung,lambung
lembur,limbur
lemburu,lemuru
lembusir,lemusir
lemidang,lembidang
lempah,limpah
lempam,lempem
lempang,lempeng
lempedu,empedu
lempenai,lampeni
lempeni,lampeni
lempoh,lempuh
lempok,lempuk
lemukat,melukut
lemukut,melukut
lemungsir,lemusir
lenan,linen
lenceng,lencang
lencet,lecet
lender,lendir
lenga,bijan
lengau,langau
lenger,lengar
lenggara,selenggara
lengkas,langkas
lengkiang,rangkiang
lenser,lengser
lenset,lengset
lentun,lantun
leontin,liontin
lepet,lepat
leplap,liplap
lepuk,lapuk
leram,deram
lerik,derik
lerum,derum
les,lis
lesah,lasah
lesak,lasak
lesat,pelesat
lesau,desau
lesek,lasak
leset,peleset
lesih,lesi
lesus,desus
letek,peletek
letur,lentur
leukimia,leukemia
leusin,leusina
libereto,libreto
likuifaksi,likuefaksi
limbat,lembat
limfopenia,limfositopenia
limonade,limun
linan,linen
lingerie,lingeri
linggam,sedelinggam
linotip,linotipe
lintadu,sentadu
lisin,lisina
liver,lever
liwat,lewat
lobang,lubang
logotip,logotipe
loh,lauh
loha,duha
lohor,zuhur
lokalisir,lokalisasi
loktong,loki
lomie,lomi
losin,lusin
lotere,lotre
loyo,loya
luasa,leluasa
lubur,belubur
luhak,luak
lukut,melukut
lung,long
lup,lop
ma,mak
maag,mag
mabir,tabir
mabok,mabuk
macat,macet
mada,madar
madaliun,medalion
madarat,mudarat
madarsah,madrasah
maddah,madah
madi,mazi
madia,madya
maesan,nisan
magep-magep,megap-megap
magfirat,magfirah
maghrib,magrib
magik,magis
magobi,mahoni
mahaligai,mahligai
mahbubat,mahbubah
mahful,mahfuz
mahisa,mahesa
mahluk,makhluk
mahraj,makhraj
mahrib,magrib
mahsar,mahsyar
mahsyur,masyhur
mairat,mikraj
mait,mayat
maja-muju,jemuju
majer,majir
majilis,majelis
majlis,majelis
makas,mangkas
makena,mukena
makota,mahkota
makroni,makaroni
makyung,makyong
malaik,malaikat
malak,malaikat
malakulmaut,malaikatulmaut
malangkamo,simalakama
malau,embalau
malaun,malun
malfungsi,malafungsi
malin,malim
mall,mal
malnutrisi,malanutrisi
malpraktek,malapraktik
malpraktik,malapraktik
mamar,mamang
mamat,mamut
mampat,pampat
mampet,pampat
mana kala,manakala
managemen,manajemen
manager,manajer
mancis,macis
mancit,mencit
mancur,pancur
mandah,manda
mandarsah,madrasah
mandiang,mendiang
mandulika,mandalika
mandur,mandor
manekin,maneken
mangkah,mangkar
mangkal,pangkal
mangkara,makara
mangkin,makin
mangkok,mangkuk
mangsai,masai
manikin,maneken
mantab,mantap
mantari,mentari
mantera,mantra
manti,menteri
mantol,mantel
mantram,mantra
mapak,papak
marathon,maraton
marbot,marbut
marhum,almarhum
marhumah,almarhumah
marihuana,mariyuana
marikan,merikan
marjin,margin
marjinal,marginal
marjinalisasi,marginalisasi
marka,markah
marmar,marmer
marmut,marmot
marwah,muruah
marzipan,marsepen
masal,massal
masalah,masyaallah
masarakat,masyarakat
masgul,masygul
mashaf,mushaf
mashur,masyhur
masin,mesin
masori,masohi
masoyi,masoi
masya allah,masyaallah
masyakat,masyakah
masyhaf,mashaf
mat,emat
mata hari,matahari
mataliur,mitraliur
mateng,matang
materai,meterai
materiil,materiel
materil,materiel
matres,matris
maulaya,maulai
mawar,tawar
mawat,mati
mayar,kelemayar
mayit,mayat
mbeling,beling
mecis,macis
medeli,medali
medinah,madinah
meduk,medok
megapolis,megalopolis
megapolitan,megalopolitan
mejan,nisan
mejelis,majelis
mejen,mejan
mekah,makkah
mekis,mengkis
mekkah,makkah
melaka,malaka
melambing,melambang
melapari,malapari
melarat,larat
melerang,belerang
melesat,pelesat
meleset,peleset
meling,meleng
melpari,malapari
membang,mambang
membruk,mambruk
memengkis,pekis
memerang,memberang
memerhatikan,memperhatikan
memeroleh,memperoleh
meminimalisir,meminimalkan
mempacari,memacari
mempacu,memacu
mempadamkan,memadamkan
mempadankan,memadankan
mempadati,memadati
mempadatkan,memadatkan
mempagari,memagari
mempahami,memahami
mempahamkan,memahamkan
mempailitkan,memailitkan
mempajaki,memajaki
mempaket,memaket
mempaketkan,memaketkan
mempaksa,memaksa
mempaku,memaku
mempalak,memalak
mempalang,memalang
mempalingkan,memalingkan
mempalsukan,memalsukan
mempamerkan,memamerkan
mempamitkan,memamitkan
mempaparkan,memaparkan
memparafrasakan,memarafrasakan
memparodikan,memarodikan
mempedal,empedal
mempedulikan,memedulikan
mempengaruhi,memengaruhi
mempercayai,memercayai
mempercayakan,memercayakan
memperkarai,memerkarai
memperkarakan,memerkarakan
memperkosa,memerkosa
mempesona,memesona
mempolisikan,memolisikan
mempopulerkan,memopulerkan
memposisikan,memosisikan
mempublikasikan,memublikasikan
memur,memar
menalu,benalu
menasabah,munasabah
menasah,meunasah
menat,minat
menatu,penatu
mencok,menclok
mencontek,menyontek
mencret,menceret
mendali,medali
mendalika,mandalika
mendalu,benalu
mendeleka,mandalika
mendelika,mandalika
mendem,mendam
mendepun,depun
mendera,mendira
menderang,benderang
mendora,mendura
mendreng,mindring
mendusin,dusin
menejemen,manajemen
menepaat,manfaat
menertawakan,mentertawakan
mengeh,mengi
mengeliminir,mengeliminasi
mengerti,erti
menget,senget
menggerib,magrib
menggoes,menggowes
menggrebek,menggerebek
menggrendel,menggerendel
menghimbau,mengimbau
mengkampanyekan,mengampanyekan
mengkar,mekar
mengkara,makara
mengkarantina,mengarantina
mengkarung,bengkarung
mengkategorikan,mengategorikan
mengkawan,bengkawan
mengkel,mengkal
mengkerat,mengkeret
mengkerut,mengerut
mengkilap,kilap
mengkilat,mengilat
mengkirik,kirik
mengkobarkan,mengobarkan
mengkodekan,mengodekan
mengkompensasi,mengompensasi
mengkomunikasikan,mengomunikasikan
mengkondisikan,mengondisikan
mengkonfirmasi,mengonfirmasi
mengkonsolidasikan,mengonsolidasikan
mengkonsultasikan,mengonsultasikan
mengkonsumsi,mengonsumsi
mengkoordinasikan,mengoordinasikan
mengkotak-kotakkan,mengotak-ngotakkan
mengkuang,bengkuang
mengok,mengot
mengor,mengot
mengsong,mengsol
menikam,manikam
menila,manila
menira,manira
menjak,semenjak
menjana,semenjana
menjelai,enjelai
menjelis,majelis
menraktir,mentraktir
menraktor,mentraktor
menransfer,mentransfer
menransformasi,mentransformasi
menransformasikan,mentransformasikan
menransmisikan,mentransmisikan
menransplantasikan,mentransplantasikan
mensabotase,menyabotase
mensahkan,mengesahkan
mensejahterakan,menyejahterakan
mensejajarkan,menyejajarkan
mensiasati,menyiasati
mensikapi,menyikapi
mensimulasikan,menyimulasikan
mensinergikan,menyinergikan
mensinkronkan,menyinkronkan
mensinyalir,menyinyalir
mensiu,mesiu
mensomasi,menyomasi
mensortir,menyortir
mensosialisasikan,menyosialisasikan
mensubsidi,menyubsidi
mensucikan,menyucikan
mensugesti,menyugesti
mensukseskan,menyukseskan
menta,meta
mentaati,menaati
mentadaburi,menadaburi
mentakdirkan,menakdirkan
mentato,menato
mentelah,sementelah
menterjemahkan,menerjemahkan
menteros,matros
mentika,mestika
mentoleransi,menoleransi
mentri,menteri
mentua,mertua
menturung,benturung
menyampang,senyampang
menyan,kemenyan
menyawak,biawak
menyetok,menstok
menyicil,mencicil
meram,merem
merbak,semerbek
merbot,marbut
merca,murca
mercapada,marcapada
mercun,mercon
mercupada,marcapada
merekan,merikan
mereng,miring
merguk,berguk
merjer,merger
merk,merek
merkah,rekah
merlilin,melilin
merpelai,mempelai
mertega,mentega
meruah,muruah
merual,merawal
mesigit,masjid
mesjid,masjid
meskat,maskat
mesta,semesta
mesui,masoi
metafisik,metafisika
metastase,metastasis
metionin,metionina
metoda,metode
metonimi,metonimia
mezbah,mazbah
mi'raj,mikraj
midik,sidik
mie,mi
mikroba,mikrob
mikroskopik,mikroskopis
milioner,miliuner
miliyar,miliar
milyar,miliar
mim,meme
minantu,menantu
minatu,penatu
minimalisir,minimalisasi
mirai,tirai
misua,misoa
mocok,pocok
moderen,modern
mondok,pondok
mong,mung
mongkor,mungkur
morak-marik,morat-marit
moril,morel
mortuaria,mortuarium
motto,moto
mozah,mojah
mozaik,mosaik
mrakih,merakeh
muadin,muazin
muadzin,muazin
muasal,asal
mucikari,muncikari
mudakar,muzakar
mudasir,dasar
muhrim,mahram
mujizat,mukjizat
muk,mok
mukenah,mukena
mulat,mulato
mules,mulas
mumur,hancur
muna,muno
munajah,munajat
muncung,moncong
mungguk,munggu
munggur,mungkur
munisi,amunisi
mupaham,mufaham
mupakat,mufakat
muparik,mufarik
murat-marit,morat-marit
musabakah,musabaqah
musafar,musafir
musalla,musala
musawarah,musyawarah
mushala,musala
mushola,musala
musi,mungsi
musium,museum
musola,musala
muson,monsun
mustami,mustamik
musti,mesti
mustika,mestika
musyafir,musafir
musyawarat,musyawarah
musykil,muskil
mutabar,muktabar
mutahir,mutakhir
mutamad,muktamad
muwarikh,muarikh
muzhab,mazhab
na,nah
naas,nahas
nadar,nazar
nadirat,nadir
nafas,napas
nagara,nekara
nahkoda,nakhoda
nahwu,nahu
najasat,najasah
nak,hendak
nakoda,nakhoda
nalih,nali
nampak,tampak
nampal,napal
nanda,ananda
nangkoda,nakhoda
napi,nafi
napsi,nafsi
napsu,nafsu
narawastu,narwastu
narestu,narwastu
narkotik,narkotika
narpati,narapati
narsis,narsistik
nasehat,nasihat
nayaga,niyaga
nazir,nadir
neces,necis
negari,nagari
negoisasi,negosiasi
negri,negeri
neka,aneka
nekad,nekat
nekel,nikel
nenar,nanar
nenekanda,nenenda
neonisasi,peneonan
netralisir,netralisasi
netto,neto
ninitowong,ninitowok
nipas,nifas
niru,nyiru
niur,nyiur
nomer,nomor
nonoh,senonoh
nopember,november
nosel,nozel
notulen,notula
notulensi,notula
nurmala,nirmala
nusyu,nusyuz
nyah,enyah
nyampang,senyampang
nyenyet,nyenyat
nyonyot,nyunyut
objektifitas,objektivitas
obrak-abrik,ubrak-abrik
obyek,objek
obyektif,objektif
obyektifitas,objektivitas
obyektivisme,objektivisme
obyektivitas,objektivitas
ojah,oja
ojeg,ojek
oktan,oktana
olah raga,olahraga
olia,aulia
omnivora,omnivor
omset,omzet
on,ons
onta,unta
onyak-anyik,onyah-anyih
opau,pao-pao
open,oven
oplet,opelet
orasio,orasi
oreol,aureol
organisir,organisasi
original,orisinal
orisinil,orisinal
ornitin,ornitina
oseng,gongseng
osing,using
otentik,autentik
otentikasi,autentikasi
otoaktivitas,autoaktivitas
otobiografi,autobiografi
otodidak,autodidak
otograf,autograf
otografi,autografi
otoklaf,autoklaf
otokrasi,autokrasi
otokrat,autokrat
otokritik,autokritik
otomasi,automasi
otopsi,autopsi
otorita,otoritas
otoritet,otoritas
ovari,ovarium
pacak,pacek
pacat,pacet
pacis,pacih
padepokan,pedepokan
padusi,pedusi
paedah,faedah
pah,pak
pahing,paing
pakat,pekat
pakbon,vakbon
pake,pakai
pakir,fakir
palahlar,pelahlar
palasik,pelesit
pali,pemali
palit,pailit
palm,palem
palma,palem
palmit,palmin
pamungkas,pemungkas
panganan,penganan
panili,vanili
panitra,panitera
panjer,panjar
panu,panau
papat,pepat
parafrase,parafrasa
parahyangan,parahiyangan
paraid,faraid
parampara,paranpara
parap,paraf
paria,peria
parji,farji
parlente,perlente
paro,paruh
partial,parsial
pas foto,pasfoto
pasah,fasakh
pasanggrahan,pesanggrahan
pasara,pusara
paset,faset
pasik,fasik
pasirah,pesirah
paska-,pasca-
pastori,pastoran
pastur,pasteur
pateram,petaram
patikim,tikim
patung,sepatung
payir,pair
pebruari,februari
pecah beling,kejibeling
pecal,pecel
pecok,pecak
pedagogik,pedagogis
pedah,padah
pedal,empedal
pedu,empedu
pegawam,peguam
pekah,nafkah
pekam,pakem
pekatul,bekatul
pekir,fakir
pekong,toapekong
pekuburan,perkuburan
pekur,tafakur
pelaga,kapulaga
pelangkin,belangkin
pelapah,pelepah
pelbaya,pelebaya
pelembaya,pelebaya
pelempap,telempap
pelok,peluk
pelopak,kelopak
peluh,peloh
pelungpung,pelumpung
pematah,pepatah
pemindang,pemidang
pen,pena
penaga,menaga
penak,pinak
pendapa,pedapa
penganten,pengantin
penggrebekan,penggerebekan
pengklon,pengklonaan
pengkodean,pengodean
pengkondisian,pengondisian
pengkoordinasian,pengoordinasian
pengkudetaan,pengudetaan
penglaris,pelaris
pengrajin,perajin
peniaram,penaram
pentilasi,ventilasi
penyakit,tangan
perancah,perencah
perancis,prancis
perancit,pancit
perang,pirang
peranggi,peringgi
perangko,prangko
perbahasa,peribahasa
perbegu,pelebegu
perduli,peduli
perengkat,peringkat
pergat,fregat
pergata,fregat
pergul,pergol
peribadi,pribadi
perihatin,prihatin
perji,farji
perlintih,perlenteh
pernekel,pernikel
pernel,flanel
perop,prop
perpu,perppu
perselah,perslah
persero,pesero
personil,personel
perugul,perogol
perwatin,batin
pesara,pasar
pesemendan,pasumandan
peset,pesek
pesok,pesuk
pestol,pistol
pete,petai
petek,pepetek
peyang,peang
phi,fi
photo,foto
photokopi,fotokopi
picah,pica
pici,peci
pidada,pedada
pikup,pikap
pinalti,penalti
pinas,penes
pinding,kepinding
pingkel,pingkal
pinguin,penguin
pinis,penes
pinjak,pijak
pinsil,pensil
pir,per
piranti,peranti
pirasat,firasat
pirsawan,pemirsa
piruk,hiruk
pisak,pesak
pisit,pisik
pitah,petah
pitih,pitis
piting,kepiting
pitrah,fitrah
piyama,piama
planel,flanel
plat,pelat
podak,pandan
pol,pul
polis,poles
polmak,polmah
polonter,volunter
pompong,kepompong
pondamen,fundamen
pondasi,fondasi
ponok,punuk
popular,populer
port,porta
porter,portir
posfor,fosfor
poto,foto
prabawa,perbawa
prada,perada
praktek,praktik
predatori,predatoris
presentase,persentase
presidentil,presidensial
prihal,perihal
prilaku,perilaku
pringas-pringis,prangas-pringis
prinsipal,prinsipiel
prive,privat
priyagung,priagung
priyayi,priayi
produktifitas,produktivitas
progresifitas,progresivitas
projek,proyek
proklamir,proklamasi
prolin,prolina
propinsi,provinsi
prosen,persen
prosentase,persentase
provokatur,provokator
publisir,publikasi
puerperium,puerpera
puitik,puitis
pukang,kungkang
pul,pol
pules,pulas
puling,pialing
pulpa,pulp
pulus,fulus
punggawa,penggawa
pungkir,mungkir
purin,purina
puring,furing
pusa,puso
puser,pusar
putera,putra
puteri,putri
puyo-puyo,puyu
puyu,puyuh
qalbu,kalbu
qalqalah,kalkalah
qasida,kasidah
qasidah,kasidah
qolbu,kalbu
rabik,rabit
rades,radis
radioaktifitas,radioaktivitas
ragbol,rakbol
ragut,renggut
rahsia,rahasia
raksamala,rasamala
raksi,rasi
ralip,galib
ram,eram
ramadhan,ramadan
rambang,rembang
rambih,rambeh
rame,ramai
rampis,ramping
ramulus,ramus
rana,ratna
ranai,rinai
rancah,rencah
randang,rendang
randih,rondah-rondih
rangda,randa
rangka,rengga
rangkas,ranggas
rangkun,rangkum
rangsel,ransel
rangsuk,rasuk
rangsum,ransum
ranguk,rango-rango
ranju,ranjau
ranjungan,rajungan
rantak,berantakan
rapih,rapi
rapot,rapor
rasan,rasam
rasia,razia
ratas,retas
rau,derau
rawah,rawa
rawang,rawa
rayun,rayu
reaktifitas,reaktivitas
real,rial
realita,realitas
rebet,ribut
rebo,rabu
rebok,rebuk
rebong,rebung
reda,rela
redah,reda
redang,radang
redap,redup
redas,redah
rejab,rajab
rejam,rajam
rejeki,rezeki
rekaat,rakaat
rekal,rehal
rekisitor,rekuisitor
rekisitur,rekuisitor
relatifitas,relativitas
relawan,sukarelawan
religiusitas,religiositas
rematik,reumatik
rematisme,reumatisme
rembat,rimbat
rembunai,remenia
rembus,embus
rempak,rampak
rempelu,empedu
rempong,rimpung
remuni,rembunai
rena,rona
renai,rinai
rencet,rentet
rencik,recik
rencis,renjis
rengah,engah
renggek,rengek
rengges,ranggas
rengka,rengga
rengkang,rangkiang
rengkiang,rangkiang
renjong,renjeng
rentak,rentak
rente,renten
renyai,rinai
reot,reyot
repah,rapah
repak,repas
repek,repet
repertorium,repertoar
repis,repih
repolper,revolver
republiken,republikan
residif,residivistis
resiko,risiko
resistensi,resistansi
resleting,ritsleting
respon,respons
resu,resi
retal,hartal
retet,rentet
retok,recok
retoris,retorik
rewan,rawan
reyal,rial
rho,ro
riadah,riadat
rialat,riadat
ricis,rincis
ridha,rida
ridho,rida
rido,rida
rihal,rehal
rihat,rehat
rimah,remah
rimbit,rembet
rimbu,rimba
rimih,rimis
rinci,perinci
rincian,perincian
rincih,rincis
rincuh,rincu
ringgik,renggek
rintak,rentak
rinyai,rinai
risih,risi
ritma,ritme
ritmik,ritmis
rituil,ritual
rizeki,rezeki
rizki,rezeki
rohaniawan,rohaniwan
rohmat,rahmat
rohulkudus,ruhulkudus
rois,rais
rojabiyah,rajabiah
romo,rama
rompang,rumpang
rongak,ronggang
ronggoh,rungguh
ronggok,rongkok
rongot,rungut
ronsen,rontgen
rosbang,resbang
roseng,rongseng
rosok,rongsok
rosot,perosot
rowa,rua
ru,eru
ruah,ruwah
rubah,ubah
rubanat,ruhbanat
rubayat,rubaiat
rubiah,riba
rubuh,roboh
rudah,ruadat
rugul,rogol
ruh,roh
ruhani,rohani
rukhiyah,rukiah
rukiat,rukiah
rukiyah,rukiah
ruku,rukuk
rukyah,rukyat
rum,harum
rumal,ramal
rumawi,romawi
rumenia,remenia
runggu,rungguh
rungkai,ungkai
rungsing,rongseng
rungsum,rumrum
runtak,ronta
runtuk,reruntuk
runyai,unyai
ruqiyah,rukiah
ruruh,luruh
ruyat,rukyat
ruyatulhilal,rukyatulhilal
saadat,saadah
sabak,sebak
saban,syakban
sabas,syabas
safaat,syafaat
safrah,seperah
sagai,sakai
sagar,sakar
sago,sagu
saguir,saguer
sagun,sagon
sah,syah
sahadat,syahadat
sahaja,saja
sahbandar,syahbandar
sahda,syahda
sahdan,syahdan
sahdu,syahdu
sahid,syahid
sahwat,syahwat
said,sayid
saidani,sayidani
saidi,sayidi
sait,sayat
sak,syak
sakaratulmaut,sakratulmaut
sakelat,sekelat
sakhlat,sekelat
saki,sake
sakit,tangan
saklar,sakelar
sal,syal
salada,selada
salap,salep
salasilah,silsilah
salawat,selawat
sale,salai
salih,saleh
saluang,salung
salwat,selawat
samadi,semadi
sambuk,sabut
sampi,sapi
sampurna,sempurna
samsu,syamsu
samudera,samudra
sana,angsana
sandal,sendal
sangkayan,sengkayan
sangkela,sangkala
sangking,saking
sangsekerta,sanskerta
sangsi,sanksi
sansekerta,sanskerta
sanskrit,sanskerta
santen,santan
santofil,xantofil
santron,satron
santu,santo
sanya,bahwasanya
saos,saus
sap,saf
sapa,safa
sapar,safar
saparatis,separatis
sapir,safir
sarahan,syarah
sarakah,serakah
sarani,serani
sarap,saraf
sarat,syarat
sardencis,sarden
sarekat,serikat
sarengat,syariat
sariat,syariat
sariawan,seriawan
saring,sering
sarip,syarif
saripah,syarifah
sarok,saruk
saru,seru
sarun,saron
sarwal,seluar
sasan,sasa
sasap,sesap
satir,satire
satria,kesatria
saur,sahur
savana,sabana
sayarah,siarah
sayat,sayet
sebak,sibak
sebet,sebat
sebih,tasbih
sebik,cebik
seceng,ceceng
secerek,sicerek
sedah,sadah
sedakap,sedekap
sedativa,sedatif
sedawa,serdawa
sedekala,sediakala
sedentair,sedenter
sederiah,sadariah
sedingin,sidingin
sedu,seduh
sedut,sedot
seg,sek
segi tiga,segitiga
seh,syekh
sehaja,sahaja
seharah,saharah
sekah,serkah
sekaker,sekakar
sekala,skala
sekedar,sekadar
sekema,skema
sekering,sekring
sekertaris,sekretaris
sekh,syekh
sekin,sikin
sekonar,sekunar
sekonyar,sekunar
sekors,skors
sekosol,sekesel
seksama,saksama
sekuik,naga
sela,sila
selaber,selabar
selamet,selamat
selampe,selampai
selampek,selampai
selampuri,selempuri
selan,sailan
selang,slang
selapa,selepa
selayut,selayun
sele,selai
selebriti,selebritas
selebritis,selebritas
selederi,seledri
seledup,seludup
selektifitas,selektivitas
selembada,selempada
selempukau,silempukau
selender,silinder
selendro,slendro
selengat,selangat
seleo,keseleo
selepang,selempang
selera,selira
selimbu,selibu
selimpang,selempang
selindit,serindit
seliu,keseleo
selobok,sobok
selodang,seludang
selon,sailan
selong,sailan
selosoh,selusuh
selular,seluler
selungkap,jelungkap
semak,simak
semakin,makin
semalakama,simalakama
semanda,semenda
semandarasa,semendarasa
semanja,semaja
semantung,sementung
sembab,sembap
sembar,sambar
semberani,sembrani
semberono,sembrono
sembilat,semilat
sembur,sembul
semedera,samudra
semedi,semadi
semejak,semenjak
semejana,semenjana
semek,demek
semilir,silir
sempana,sempena
sempoa,swipoa
semsem,sengsem
semudera,samudra
semuntu,simuntu
sen,sein
senario,skenario
senda,sanda
sendal,sandal
sendawa,serdawa
sender,sandar
sending,zending
senduduk,sekeduduk
senduk,sendok
senen,senin
senggah,sanggah
senggama,sanggama
senggara,selenggara
senggerahan,pesanggrahan
senggiling,tenggiling
sengingih,sengih
sengkek,singkek
sengkelat,sekelat
sengsai,sinse
sengsam,sengsem
seniwan,seniman
senjak,sejak
senjuang,lenjuang
sensifitas,sensitivitas
sensitifitas,sensitivitas
sental,sintal
sentap,sentak
sentausa,sentosa
senteri,santri
sentiabu,setiabu
sentiasa,senantiasa
sentimentil,sentimental
senting,santing
sentiung,sentiong
sentrum,sentra
senuhun,sinuhun
senuk,tenuk
senyak,senyap
sepakbor,sepatbor
sepanduk,spanduk
sepangkalan,sipangkalan
sepasan,sepesan
sepatung,sipatung
sepekuk,spekuk
seperitus,spiritus
sepet,sipit
sepih,serpih
sepilis,sifilis
sepion,spion
sepir,sipir
sepiritus,spiritus
sepoi,sipahi
sepon,spons
sepora,spora
seprei,seprai
sepui,sepoi
sepura,spora
serabai,serabi
serah,sirah
serampat,sengkelit
serana,sarana
serangguh,seranggung
serangkak,sirangkak
serapa,serapah
serawan,rawan
sereat,syariat
sereh,serai
serengam,sengam
serep,serap
seresah,serasah
serigunting,srigunting
serikandi,srikandi
serin,serina
seringih,seringai
seroda,seruda
serodok,seruduk
serok,seruk
serondeng,serundeng
serpa,serapah
serpai,serpih
serse,sersi
sertipikat,sertifikat
serual,seluar
seruni,serunai
sesembahan,sembahan
setagi,setagen
setaka,astaka
setakona,astakona
setambuk,stambuk
setambul,stambul
setandar,standar
setangga,tetangga
setasiun,stasiun
seteker,steker
setempel,stempel
seten,stengun
seterap,setrap
seteria,satria
seterik,setrik
seterika,setrika
seteriman,setirman
seterimin,setrimin
seterip,setrip
seterum,setrum
seterup,setrup
setewel,setiwel
setinggil,sitinggil
setinja,istinja
setip,step
setiwal,setiwel
setoker,stoker
setop,setup
setoples,stoples
setreng,streng
setrimin,strimin
setua,satwa
seturi,setori
sewah,sewar
shalat,salat
sholat,salat
sholawat,selawat
sholeh,saleh
sholeha,salihah
sholehah,salihah
siarat,siarah
siasah,siasat
sidekah,sedekah
sikeduduk,senduduk
sikejut,semalu
siketumbak,sikudomba
silaf,khilaf
silah,silsilah
silahkan,silakan
silap,khilaf
silaturahim,silaturahmi
silempukau,silampukau
simalu,semalu
simbolik,simbolis
simbukan,kesimbukan
simpor,simpur
sinandung,senandung
sinda,sanda
singgung,sigung
singkak,singkap
singkawang,tengkawang
singkeh,singkek
singsat,singset
singse,sinse
sintesa,sintesis
sintese,sintesis
sinting,senteng
siomay,siomai
sipai,sipahi
sipasin,sepasin
sipesan,sepesan
sipilis,sifilis
sipoa,swipoa
sirik,syirik
sirkit,sirkuit
sirkuit,untai
sirobok,serobok
sirup,sirop
sista,kista
sistim,sistem
sistin,sistina
sitar,siter
sitawar,setawar
siwa,syiwa
siwar,sewar
slamet,selamat
soes,sus
sojah,soja
soklat,cokelat
soko,saka
solat,salat
solawat,selawat
soldadu,serdadu
soleh,saleh
soleha,salihah
solehah,salihah
somay,siomai
sompak,sompok
sompeng,sompek
sondol,sundul
sontok,suntuk
soprano,sopran
sorban,serban
sorga,surga
sorgawi,surgawi
sotor,sotoh
soun,sohun
souvenir,suvenir
sowan,soang
sowang,soang
spakbor,sepatbor
span,sepan
spatbor,sepatbor
spedometer,spidometer
spirituil,spiritual
spodumen,spodumena
sportifitas,sportivitas
srempet,serempet
srikaya,serikaya
staff,staf
standard,standar
standarisasi,standardisasi
standart,standar
statik,statis
stek,setek
stemma,stema
sten,stengun
stepler,stapler
stereotip,stereotipe
stress,stres
strip,setrip
stromking,stormking
strongking,stormking
struk,setruk
sual,soal
sualak,solak
suarawati,swarawati
suarga,surga
suari,kasuari
subhat,syubhat
subyek,subjek
subyektif,subjektif
subyektivisme,subjektivisme
sudagar,saudagar
sudara,saudara
suduk,sodok
sudur,sodor
sugra,kiamat
suipoa,swipoa
suir,langsuir
sujadah,sajadah
suka ria,sukaria
sukduf,sekedup
sukini,zukini
sukur,syukur
sulalat,sulalah
suli,gandasuli
sulu,suluh
sulub,sulbi
sulup,selup
sumanda,semenda
sumangat,semangat
sumarak,semarak
sumatera,sumatra
sumbul,sumbur
sumpel,sumpal
sunat,sunah
sundel,sundal
sundik,sondek
sunglap,sulap
sungsum,sumsum
sunnah,sunah
supai,sipahi
supir,sopir
supit,sumpit
surban,serban
suris,surih
surung,sorong
survai,survei
survey,survei
sut,suten
sutera,sutra
suudzan,suuzan
swarga,surga
switer,sweter
syaban,syakban
syafkah,syafakat
syagar,sakar
syahada,syahda
syahadan,syahdan
syaikh,syekh
syaitan,setan
syajarat,sejarah
syakar,sakar
syakduf,sekedup
syamas,samas
syamsiat,syamsiah
syapaat,syafaat
syaraf,saraf
syarbat,serbat
syarekat,syarikat
syariah,syariat
syorga,surga
syubahat,syubhat
syufaat,syafaat
syurah,syarah
syurga,surga
taawud,taawuz
tabah,tebah
tabe,tabik
tabi,tabik
tabot,tabut
tafefobia,tafofobia
taftah,tafeta
tahadi,tadi
tahalil,tahlil
tahta,takhta
tai,tahi
taju,tajuk
takak,takik
takarir,takrir
takel,takal
taksis,takhsis
talai,lalai
talek,talk
talen,talenta
tambus,timbus
tampak,campak
tampan,talam
tampek,campak
tang,tank
tangker,tanker
tangkut,tangkup
tanjidur,tanjidor
tantang,tentang
taoke,tauke
tapa,tempa
tape,tapai
tapi,tetapi
tapuk,tepuk
tapung,tepung
taqwa,takwa
tar,tir
taras,teras
tarikat,tarekat
tarip,tarif
tariqat,tarekat
tarkasy,tarkas
tarkhim,tarhim
tarpentin,terpentin
tarra,tara
tarub,tarup
taruk,taruh
taruko,teroka
tasdid,tasydid
tasmak,tesmak
tatapan,tetampan
taubat,tobat
tauco,taoco
taufan,topan
tauge,taoge
tauladan,teladan
taulan,tolan
taup,taut
tauret,taurat
taurit,taurat
tawarikh,tarikh
tazir,takzir
tean,teyan
tebakang,tambakan
tebuan,tabuhan
tebus,tembus
tedarus,tadarus
tegor,tegur
tehnik,teknik
tehnologi,teknologi
teka,terka
tekat,tekad
tekebur,takabur
tekek,tokek
tekoan,teko
tekong,tikung
tektek,tetek
tekua,takwa
tekup,tekap
tela,ketela
telakan,telekan
telapa,telap
telayan,nelayan
telegrap,telegraf
telekup,tekup
telenan,talenan
telepa,telap
telephon,telepon
teletip,teletipe
telfon,telepon
telgram,telegram
telimpung,telempong
telingkuh,telingkah
telingkung,lingkung
telipuk,telepok
telisik,selisik
telor,telur
telpon,telepon
telukup,telungkup
temadun,tamadun
temaha,temaah
temahak,temaah
temasa,tamasya
temasya,tamasya
tematu,tembatu
tembekar,tembikar
tembel,timbil
tembem,tembam
tembiring,tembereng
tembola,tombola
tembusu,tembesu
temengalan,tengalan
temenggung,tumenggung
temilang,tembilang
tempalak,tempelak
tempang,timpang
tempek,tepek
temporok,porok
tempuras,temperas
temuni,tembuni
tendo,tendon
tener,tiner
teng,tank
tenggiring,tenggiri
tenggulung,senggulung
tengker,tengger
tengkik,tengkek
tengkok,tengkuk
tengkolak,tengkulak
tengkolok,tengkuluk
tengkurup,tengkurap
tengteng,tenteng
tenguh,lenguh
tenteng,tengteng
tentera,tentara
tentram,tenteram
teoritis,teoretis
tepekong,toapekong
tepekur,tafakur
tepet,tepek
tepok,tepuk
ter,tir
terajang,terjang
teralis,terali
teram,taram
terambu,tambo
teras,tras
terasul,tarasul
teraweh,tarawih
terbersit,tebersit
tercermin,tecermin
tercerna,tecerna
tereliminir,tereliminasi
terem,trem
teret,deret
terhal,hal
teriko,triko
terjali,tajali
terlanjur,telanjur
terlantar,telantar
terlentang,telentang
terobong,cerobong
terompet,trompet
terongko,terungku
terorganisir,terorganisasi
terpedaya,teperdaya
terpedo,torpedo
terpercaya,tepercaya
terperdaya,teperdaya
teruna,taruna
terup,truf
testes,testis
tetampah,tampah
tetapan,tetampan
tetawak,tawak-tawak
teterapan,terapan
tetibau,tetibar
tetuhu,tuhu
tezi,teji
thariqat,tarekat
thoriqot,tarekat
tihang,tiang
tijak,pijak
tiku,tikung
tilawat,tilawah
tile,tule
tilep,tilap
tilgrap,telegraf
tim,tin
tindawan,cendawan
tindis,tindih
tinggir,tengger
tingkarah,tengkarah
tingker,tingkar
tipak,tepak
tipes,tifus
tips,tip
tipus,tifus
tir,ter
tiris,digenggam
titi mangsa,titimangsa
titih,petitih
titir,ketitir
toblos,coblos
tofan,topan
toge,taoge
tokak,tukak
toke,tauke
tokek,takik
tolerir,toleransi
tombong,tumbung
tombru,tombro
tompang,tumpang
ton,tona
tonggong,tonggok
tongkong,tongkol
tongsil,tonsil
topah,tufah
toples,stoples
topong,ketopong
tores,toreh
torne,turne
towaf,tawaf
toyah,toya
toyoh,toya
tradisionil,tradisional
tragik,tragis
trakoma,trakom
tram,trem
trampil,terampil
transito,transit
trap,terap
trend,tren
trenggiling,tenggiling
trenyuh,terenyuh
tribulan,triwulan
tribun,tribune
trilyun,triliun
trindil,terindil
tropi,trofi
tsanawiah,sanawiah
tuat,ketuat
tudak,todak
tugas,tukas
tuhfat,tuhfah
tuhur,tohor
tuku,tengku
tulung,tolong
tuman,toman
tumbak,tombak
tumbalang,tembelang
tumpes,tumpas
tumplek,tumplak
tunggit,tunggik
tungkat,tongkat
tungkik,tukik
tungkul,tongkol
tungu,tungau
tunjul,tonjol
tupang,topang
tursi,terusi
uan,wan
uap,kuap
ubal-ubal,ubel-ubel
ubat,obat
ubaya,hubaya-hubaya
ucus,usus
udema,edema
udo,uda
udu,wudu
uduh,odoh
uduk,wudu
udur,uzur
uja,oja
ujana,yojana
ujud,wujud
ulak,ulek
ulat,ulet
ulayah,wilayah
ulayat,wilayah
uler,ular
uma,huma
umak,emak
umbai,umbuk
umbara,kembara
umbi,umbuk
umbun-umbun,ubun-ubun
umbur,umbul
umbur-umbur,umbul
umpat,umpet
umpun,rumpun
umrat,umrah
umroh,umrah
umum,umun
unak,onak
uncue,honcoe
uncui,honcoe
ungap-ungap,mengap-mengap
unggit,ungkit
ungguk,onggok
ungkang-ungkang,ongkang-ongkang
ungkang-ungkit,unggang-anggit
ungkir,mungkir
universitet,universitas
unjam,hunjam
unjung,kunjung
upas,opas
upuk,ufuk
urang,orang
urat,aurat
urin,urine
urit,urip
urug,uruk
usis,ucis
ustad,ustaz
ustadz,ustaz
ustadzah,ustazah
utan,hutan
uwak,uak
uyung,huyung
valin,valina
varitas,varietas
vasad,fasad
vasilitas,fasilitas
vermak,permak
vertikultur,vertikultura
verzet,verset
vestibul,vestibula
vestibulum,vestibula
vidio,video
vignet,vinyet
vocer,voucer
vrah,prahoto
vulkanik,vulkanis
vulkanisir,vulkanisasi
vulpen,pulpen
waadah,waadat
wabakdahu,wabakdu
wadar,badar
wadas,cadas
wader,badar
wahadah,wahdah
wahadaniah,wahdaniah
wahadat,wahdah
wahadiah,wahdiah
wahi,wahyu
wahon,wagon
waiduri,baiduri
waja,baja
wajit,wajik
wakwak,wawa
walat,kualat
wali,rajawali
walimat,walimah
walmana,walimana
wang,uang
waqaf,wakaf
war,uar
wara laba,waralaba
warakat,warkat
wardi,rodi
warik,warak
warkah,warkat
warwar,uar-uar
was,waswas
wasilat,wasilah
wasir,bawasir
waslah,wasal
wassalam,wasalam
waton,watan
wawankata,wawancara
wawansabda,wawancara
wazir,bawasir
we,weh
wedam,weda
weker,beker
welut,belut
werak,werek
werangka,warangka
werda,wreda
werdatama,wredatama
wih,weh
wilahar,welahar
wilayat,wilayah
wilmana,walimana
winter,wenter
wira usaha,wirausaha
wirama,irama
wirasat,firasat
wiron,wiru
wirwir,uir-uir
wodka,vodka
wudhu,wudu
wuduk,wudu
wungu,ungu
wurung,urung
wutuh,utuh
xi,ksi
yargon,jargon
yehova,yahwe
yehuwa,yahwe
yeyunum,jejunum
yu,hiu
yudha,yuda
yudo,judo
yudoka,judoka
yunior,junior
yunta,junta
yuri,juri
yuyitsu,jujitsu
yuyutsu,yuyitsu
zabad,jebat
zahir,lahir
zam-zam,zamzam
zarafah,jerapah
zariah,zuriah
zariat,zuriah
zenggi,zanggi
zhuhur,zuhur
ziarat,ziarah
zib,jib
zigote,zigot
zinah,zina
zinak,jinak
zirafah,jerapah
zohor,zuhur
zohrat,zohrah
zolim,zalim
zone,zona
zuadah,juadah
zuhara,zohrah
zurafah,jerapah
zuriat,zuriah
